-- phpMyAdmin SQL Dump
-- version 5.2.1
-- https://www.phpmyadmin.net/
--
-- Hôte : 127.0.0.1
-- Généré le : mar. 07 oct. 2025 à 14:15
-- Version du serveur : 10.4.32-MariaDB
-- Version de PHP : 8.2.12

SET SQL_MODE = "NO_AUTO_VALUE_ON_ZERO";
START TRANSACTION;
SET time_zone = "+00:00";


/*!40101 SET @OLD_CHARACTER_SET_CLIENT=@@CHARACTER_SET_CLIENT */;
/*!40101 SET @OLD_CHARACTER_SET_RESULTS=@@CHARACTER_SET_RESULTS */;
/*!40101 SET @OLD_COLLATION_CONNECTION=@@COLLATION_CONNECTION */;
/*!40101 SET NAMES utf8mb4 */;

--
-- Base de données : `ecommerce_dw`
--

-- --------------------------------------------------------

--
-- Structure de la table `counts`
--

CREATE TABLE `counts` (
  `dim_products_count` int(11) DEFAULT 0,
  `dim_orders_count` int(11) DEFAULT 0,
  `dim_date_count` int(11) DEFAULT 0,
  `dim_customers_count` int(11) DEFAULT 0,
  `fact_order_items_count` int(11) DEFAULT 0
) ENGINE=InnoDB DEFAULT CHARSET=utf8mb4 COLLATE=utf8mb4_general_ci;

--
-- Déchargement des données de la table `counts`
--

INSERT INTO `counts` (`dim_products_count`, `dim_orders_count`, `dim_date_count`, `dim_customers_count`, `fact_order_items_count`) VALUES
(20, 200, 627, 50, 626);

-- --------------------------------------------------------

--
-- Structure de la table `dim_customers`
--

CREATE TABLE `dim_customers` (
  `id_customer` int(2) NOT NULL,
  `first_name` varchar(11) DEFAULT NULL,
  `last_name` varchar(9) DEFAULT NULL,
  `email` varchar(36) DEFAULT NULL,
  `country` varchar(44) DEFAULT NULL,
  `signup_date` varchar(10) DEFAULT NULL
) ENGINE=InnoDB DEFAULT CHARSET=utf8 COLLATE=utf8_general_ci;

--
-- Déchargement des données de la table `dim_customers`
--

INSERT INTO `dim_customers` (`id_customer`, `first_name`, `last_name`, `email`, `country`, `signup_date`) VALUES
(1, 'Margaret', 'Holmes', 'michellewhite@hopkins.com', 'United States Virgin Islands', '2024-10-30'),
(2, 'Christopher', 'Obrien', 'nathanmarshall@mcfarland.com', 'Anguilla', '2025-08-12'),
(3, 'Michael', 'Walker', 'laura95@thomas.com', 'Italy', '2023-09-20'),
(4, 'Rebecca', 'Williams', 'perezsabrina@yahoo.com', 'Mongolia', '2023-09-21'),
(5, 'Tammy', 'Nguyen', 'angelicahoward@gmail.com', 'Argentina', '2024-03-17'),
(6, 'Lisa', 'Williams', 'dalvarez@hamilton.com', 'Uzbekistan', '2023-10-04'),
(7, 'Justin', 'Perez', 'pereznatalie@hotmail.com', 'Lesotho', '2023-03-17'),
(8, 'Wayne', 'Hart', 'marcus23@moore-johnson.info', 'Armenia', '2024-11-08'),
(9, 'Walter', 'Hancock', 'christophercline@hotmail.com', 'Mayotte', '2023-01-22'),
(10, 'Dylan', 'Durham', 'jarmstrong@cochran.biz', 'Mexico', '2023-09-23'),
(11, 'Nicole', 'Jackson', 'melissawalter@mcdonald-wilkinson.com', 'Vanuatu', '2024-04-25'),
(12, 'Gary', 'Mcclain', 'tina83@pineda.com', 'Sao Tome and Principe', '2023-05-29'),
(13, 'Joshua', 'Obrien', 'calvin93@johnson-thompson.net', 'Tanzania', '2024-08-24'),
(14, 'Gwendolyn', 'Morgan', 'brownjennifer@oneill.biz', 'Slovakia (Slovak Republic)', '2024-10-08'),
(15, 'Zoe', 'Wheeler', 'amanda37@hotmail.com', 'Tunisia', '2024-07-17'),
(16, 'Timothy', 'Miller', 'wcantrell@johnson.com', 'French Polynesia', '2022-10-11'),
(17, 'Lisa', 'Marquez', 'alicia57@perry.com', 'Vanuatu', '2023-01-03'),
(18, 'Candace', 'Blair', 'tdodson@gmail.com', 'Pitcairn Islands', '2022-12-31'),
(19, 'Shannon', 'Jensen', 'watkinskelsey@kim.net', 'Wallis and Futuna', '2023-01-09'),
(20, 'Alyssa', 'Reed', 'robertcampbell@powers-carey.com', 'Nauru', '2023-01-21'),
(21, 'Laura', 'Fernandez', 'brookskelly@phillips-russell.info', 'British Virgin Islands', '2025-07-29'),
(22, 'John', 'Mcpherson', 'andrewwood@ward-johnson.com', 'Anguilla', '2025-08-01'),
(23, 'Laura', 'Duke', 'kgreen@doyle-love.com', 'Equatorial Guinea', '2023-02-19'),
(24, 'Michael', 'Stanley', 'xcurtis@smith.com', 'Hong Kong', '2024-11-30'),
(25, 'Michelle', 'Farley', 'amanda84@avila.com', 'New Zealand', '2024-04-20'),
(26, 'Ryan', 'Anderson', 'alexandersmith@stephens.com', 'Wallis and Futuna', '2024-11-28'),
(27, 'John', 'Jimenez', 'williamsonphilip@ward.com', 'Thailand', '2022-12-08'),
(28, 'Kathleen', 'Elliott', 'tonya92@strickland.com', 'Colombia', '2023-04-18'),
(29, 'John', 'Cordova', 'david03@jensen.com', 'Cocos (Keeling) Islands', '2023-02-15'),
(30, 'Travis', 'Smith', 'marshpaula@jackson.com', 'Bahamas', '2023-08-30'),
(31, 'Tanya', 'Steele', 'whubbard@kim.com', 'Antarctica (the territory South of 60 deg S)', '2023-05-07'),
(32, 'Kristin', 'Howell', 'tracistark@fisher.biz', 'Namibia', '2023-11-04'),
(33, 'Stacie', 'Simmons', 'harrellheather@yahoo.com', 'Swaziland', '2023-11-12'),
(34, 'Jeffrey', 'Owens', 'zcochran@hotmail.com', 'Samoa', '2022-12-17'),
(35, 'Ruth', 'Hartman', 'kathleenwade@hotmail.com', 'France', '2023-11-15'),
(36, 'Jamie', 'Tate', 'sarahlawson@johnson.com', 'Guadeloupe', '2025-07-26'),
(37, 'Jennifer', 'Ali', 'qtaylor@hotmail.com', 'Ukraine', '2023-05-27'),
(38, 'Ethan', 'Howard', 'amberdaniels@decker-duncan.com', 'Uruguay', '2023-06-11'),
(39, 'Andrew', 'Gray', 'sean39@gmail.com', 'Iceland', '2025-02-18'),
(40, 'Connie', 'Taylor', 'jaclynbradley@hotmail.com', 'Isle of Man', '2023-12-10'),
(41, 'Jean', 'Gray', 'qlopez@yahoo.com', 'Saint Pierre and Miquelon', '2025-08-23'),
(42, 'Julia', 'Brown', 'mbecker@yahoo.com', 'Sri Lanka', '2023-05-31'),
(43, 'Rodney', 'Spencer', 'michael33@yahoo.com', 'Croatia', '2025-05-19'),
(44, 'Justin', 'Clay', 'isaacjohns@gmail.com', 'Montenegro', '2024-05-07'),
(45, 'Courtney', 'Juarez', 'gvillanueva@hotmail.com', 'Malaysia', '2025-04-19'),
(46, 'James', 'Lopez', 'bookerbrian@schneider.biz', 'Cocos (Keeling) Islands', '2023-06-13'),
(47, 'Anthony', 'Hall', 'allisonalvarado@hotmail.com', 'Bahamas', '2023-07-15'),
(48, 'Michelle', 'Gibson', 'michelle26@mcgee.com', 'Bolivia', '2022-11-14'),
(49, 'Alison', 'Grant', 'barryhoward@smith-bowers.biz', 'British Virgin Islands', '2025-09-21'),
(50, 'Pamela', 'Barber', 'hernandezdonald@hanson.com', 'Mauritius', '2024-11-08');

-- --------------------------------------------------------

--
-- Structure de la table `dim_date`
--

CREATE TABLE `dim_date` (
  `id_date` int(11) NOT NULL,
  `date` date NOT NULL DEFAULT current_timestamp(),
  `day` int(11) NOT NULL DEFAULT dayofmonth(curdate()),
  `month` int(11) NOT NULL DEFAULT month(curdate()),
  `year` int(11) NOT NULL DEFAULT year(curdate())
) ENGINE=InnoDB DEFAULT CHARSET=utf8mb4 COLLATE=utf8mb4_general_ci;

--
-- Déchargement des données de la table `dim_date`
--

INSERT INTO `dim_date` (`id_date`, `date`, `day`, `month`, `year`) VALUES
(1, '2025-10-01', 1, 10, 2025),
(2, '2025-10-01', 1, 10, 2025),
(3, '2025-10-01', 1, 10, 2025),
(4, '2025-10-01', 1, 10, 2025),
(5, '2025-10-01', 1, 10, 2025),
(6, '2025-10-01', 1, 10, 2025),
(7, '2025-10-01', 1, 10, 2025),
(8, '2025-10-01', 1, 10, 2025),
(9, '2025-10-01', 1, 10, 2025),
(10, '2025-10-01', 1, 10, 2025),
(11, '2025-10-01', 1, 10, 2025),
(12, '2025-10-01', 1, 10, 2025),
(13, '2025-10-01', 1, 10, 2025),
(14, '2025-10-01', 1, 10, 2025),
(15, '2025-10-01', 1, 10, 2025),
(16, '2025-10-01', 1, 10, 2025),
(17, '2025-10-01', 1, 10, 2025),
(18, '2025-10-01', 1, 10, 2025),
(19, '2025-10-01', 1, 10, 2025),
(20, '2025-10-01', 1, 10, 2025),
(21, '2025-10-01', 1, 10, 2025),
(22, '2025-10-01', 1, 10, 2025),
(23, '2025-10-01', 1, 10, 2025),
(24, '2025-10-01', 1, 10, 2025),
(25, '2025-10-01', 1, 10, 2025),
(26, '2025-10-01', 1, 10, 2025),
(27, '2025-10-01', 1, 10, 2025),
(28, '2025-10-01', 1, 10, 2025),
(29, '2025-10-01', 1, 10, 2025),
(30, '2025-10-01', 1, 10, 2025),
(31, '2025-10-01', 1, 10, 2025),
(32, '2025-10-01', 1, 10, 2025),
(33, '2025-10-01', 1, 10, 2025),
(34, '2025-10-01', 1, 10, 2025),
(35, '2025-10-01', 1, 10, 2025),
(36, '2025-10-01', 1, 10, 2025),
(37, '2025-10-01', 1, 10, 2025),
(38, '2025-10-01', 1, 10, 2025),
(39, '2025-10-01', 1, 10, 2025),
(40, '2025-10-01', 1, 10, 2025),
(41, '2025-10-01', 1, 10, 2025),
(42, '2025-10-01', 1, 10, 2025),
(43, '2025-10-01', 1, 10, 2025),
(44, '2025-10-01', 1, 10, 2025),
(45, '2025-10-01', 1, 10, 2025),
(46, '2025-10-01', 1, 10, 2025),
(47, '2025-10-01', 1, 10, 2025),
(48, '2025-10-01', 1, 10, 2025),
(49, '2025-10-01', 1, 10, 2025),
(50, '2025-10-01', 1, 10, 2025),
(51, '2025-10-01', 1, 10, 2025),
(52, '2025-10-01', 1, 10, 2025),
(53, '2025-10-01', 1, 10, 2025),
(54, '2025-10-01', 1, 10, 2025),
(55, '2025-10-01', 1, 10, 2025),
(56, '2025-10-01', 1, 10, 2025),
(57, '2025-10-01', 1, 10, 2025),
(58, '2025-10-01', 1, 10, 2025),
(59, '2025-10-01', 1, 10, 2025),
(60, '2025-10-01', 1, 10, 2025),
(61, '2025-10-01', 1, 10, 2025),
(62, '2025-10-01', 1, 10, 2025),
(63, '2025-10-01', 1, 10, 2025),
(64, '2025-10-01', 1, 10, 2025),
(65, '2025-10-01', 1, 10, 2025),
(66, '2025-10-01', 1, 10, 2025),
(67, '2025-10-01', 1, 10, 2025),
(68, '2025-10-01', 1, 10, 2025),
(69, '2025-10-01', 1, 10, 2025),
(70, '2025-10-01', 1, 10, 2025),
(71, '2025-10-01', 1, 10, 2025),
(72, '2025-10-01', 1, 10, 2025),
(73, '2025-10-01', 1, 10, 2025),
(74, '2025-10-01', 1, 10, 2025),
(75, '2025-10-01', 1, 10, 2025),
(76, '2025-10-01', 1, 10, 2025),
(77, '2025-10-01', 1, 10, 2025),
(78, '2025-10-01', 1, 10, 2025),
(79, '2025-10-01', 1, 10, 2025),
(80, '2025-10-01', 1, 10, 2025),
(81, '2025-10-01', 1, 10, 2025),
(82, '2025-10-01', 1, 10, 2025),
(83, '2025-10-01', 1, 10, 2025),
(84, '2025-10-01', 1, 10, 2025),
(85, '2025-10-01', 1, 10, 2025),
(86, '2025-10-01', 1, 10, 2025),
(87, '2025-10-01', 1, 10, 2025),
(88, '2025-10-01', 1, 10, 2025),
(89, '2025-10-01', 1, 10, 2025),
(90, '2025-10-01', 1, 10, 2025),
(91, '2025-10-01', 1, 10, 2025),
(92, '2025-10-01', 1, 10, 2025),
(93, '2025-10-01', 1, 10, 2025),
(94, '2025-10-01', 1, 10, 2025),
(95, '2025-10-01', 1, 10, 2025),
(96, '2025-10-01', 1, 10, 2025),
(97, '2025-10-01', 1, 10, 2025),
(98, '2025-10-01', 1, 10, 2025),
(99, '2025-10-01', 1, 10, 2025),
(100, '2025-10-01', 1, 10, 2025),
(101, '2025-10-01', 1, 10, 2025),
(102, '2025-10-01', 1, 10, 2025),
(103, '2025-10-01', 1, 10, 2025),
(104, '2025-10-01', 1, 10, 2025),
(105, '2025-10-01', 1, 10, 2025),
(106, '2025-10-01', 1, 10, 2025),
(107, '2025-10-01', 1, 10, 2025),
(108, '2025-10-01', 1, 10, 2025),
(109, '2025-10-01', 1, 10, 2025),
(110, '2025-10-01', 1, 10, 2025),
(111, '2025-10-01', 1, 10, 2025),
(112, '2025-10-01', 1, 10, 2025),
(113, '2025-10-01', 1, 10, 2025),
(114, '2025-10-01', 1, 10, 2025),
(115, '2025-10-01', 1, 10, 2025),
(116, '2025-10-01', 1, 10, 2025),
(117, '2025-10-01', 1, 10, 2025),
(118, '2025-10-01', 1, 10, 2025),
(119, '2025-10-01', 1, 10, 2025),
(120, '2025-10-01', 1, 10, 2025),
(121, '2025-10-01', 1, 10, 2025),
(122, '2025-10-01', 1, 10, 2025),
(123, '2025-10-01', 1, 10, 2025),
(124, '2025-10-01', 1, 10, 2025),
(125, '2025-10-01', 1, 10, 2025),
(126, '2025-10-01', 1, 10, 2025),
(127, '2025-10-01', 1, 10, 2025),
(128, '2025-10-01', 1, 10, 2025),
(129, '2025-10-01', 1, 10, 2025),
(130, '2025-10-01', 1, 10, 2025),
(131, '2025-10-01', 1, 10, 2025),
(132, '2025-10-01', 1, 10, 2025),
(133, '2025-10-01', 1, 10, 2025),
(134, '2025-10-01', 1, 10, 2025),
(135, '2025-10-01', 1, 10, 2025),
(136, '2025-10-01', 1, 10, 2025),
(137, '2025-10-01', 1, 10, 2025),
(138, '2025-10-01', 1, 10, 2025),
(139, '2025-10-01', 1, 10, 2025),
(140, '2025-10-01', 1, 10, 2025),
(141, '2025-10-01', 1, 10, 2025),
(142, '2025-10-01', 1, 10, 2025),
(143, '2025-10-01', 1, 10, 2025),
(144, '2025-10-01', 1, 10, 2025),
(145, '2025-10-01', 1, 10, 2025),
(146, '2025-10-01', 1, 10, 2025),
(147, '2025-10-01', 1, 10, 2025),
(148, '2025-10-01', 1, 10, 2025),
(149, '2025-10-01', 1, 10, 2025),
(150, '2025-10-01', 1, 10, 2025),
(151, '2025-10-01', 1, 10, 2025),
(152, '2025-10-01', 1, 10, 2025),
(153, '2025-10-01', 1, 10, 2025),
(154, '2025-10-01', 1, 10, 2025),
(155, '2025-10-01', 1, 10, 2025),
(156, '2025-10-01', 1, 10, 2025),
(157, '2025-10-01', 1, 10, 2025),
(158, '2025-10-01', 1, 10, 2025),
(159, '2025-10-01', 1, 10, 2025),
(160, '2025-10-01', 1, 10, 2025),
(161, '2025-10-01', 1, 10, 2025),
(162, '2025-10-01', 1, 10, 2025),
(163, '2025-10-01', 1, 10, 2025),
(164, '2025-10-01', 1, 10, 2025),
(165, '2025-10-01', 1, 10, 2025),
(166, '2025-10-01', 1, 10, 2025),
(167, '2025-10-01', 1, 10, 2025),
(168, '2025-10-01', 1, 10, 2025),
(169, '2025-10-01', 1, 10, 2025),
(170, '2025-10-01', 1, 10, 2025),
(171, '2025-10-01', 1, 10, 2025),
(172, '2025-10-01', 1, 10, 2025),
(173, '2025-10-01', 1, 10, 2025),
(174, '2025-10-01', 1, 10, 2025),
(175, '2025-10-01', 1, 10, 2025),
(176, '2025-10-01', 1, 10, 2025),
(177, '2025-10-01', 1, 10, 2025),
(178, '2025-10-01', 1, 10, 2025),
(179, '2025-10-01', 1, 10, 2025),
(180, '2025-10-01', 1, 10, 2025),
(181, '2025-10-01', 1, 10, 2025),
(182, '2025-10-01', 1, 10, 2025),
(183, '2025-10-01', 1, 10, 2025),
(184, '2025-10-01', 1, 10, 2025),
(185, '2025-10-01', 1, 10, 2025),
(186, '2025-10-01', 1, 10, 2025),
(187, '2025-10-01', 1, 10, 2025),
(188, '2025-10-01', 1, 10, 2025),
(189, '2025-10-01', 1, 10, 2025),
(190, '2025-10-01', 1, 10, 2025),
(191, '2025-10-01', 1, 10, 2025),
(192, '2025-10-01', 1, 10, 2025),
(193, '2025-10-01', 1, 10, 2025),
(194, '2025-10-01', 1, 10, 2025),
(195, '2025-10-01', 1, 10, 2025),
(196, '2025-10-01', 1, 10, 2025),
(197, '2025-10-01', 1, 10, 2025),
(198, '2025-10-01', 1, 10, 2025),
(199, '2025-10-01', 1, 10, 2025),
(200, '2025-10-01', 1, 10, 2025),
(201, '2025-10-01', 1, 10, 2025),
(202, '2025-10-01', 1, 10, 2025),
(203, '2025-10-01', 1, 10, 2025),
(204, '2025-10-01', 1, 10, 2025),
(205, '2025-10-01', 1, 10, 2025),
(206, '2025-10-01', 1, 10, 2025),
(207, '2025-10-01', 1, 10, 2025),
(208, '2025-10-01', 1, 10, 2025),
(209, '2025-10-01', 1, 10, 2025),
(210, '2025-10-01', 1, 10, 2025),
(211, '2025-10-01', 1, 10, 2025),
(212, '2025-10-01', 1, 10, 2025),
(213, '2025-10-01', 1, 10, 2025),
(214, '2025-10-01', 1, 10, 2025),
(215, '2025-10-01', 1, 10, 2025),
(216, '2025-10-01', 1, 10, 2025),
(217, '2025-10-01', 1, 10, 2025),
(218, '2025-10-01', 1, 10, 2025),
(219, '2025-10-01', 1, 10, 2025),
(220, '2025-10-01', 1, 10, 2025),
(221, '2025-10-01', 1, 10, 2025),
(222, '2025-10-01', 1, 10, 2025),
(223, '2025-10-01', 1, 10, 2025),
(224, '2025-10-01', 1, 10, 2025),
(225, '2025-10-01', 1, 10, 2025),
(226, '2025-10-01', 1, 10, 2025),
(227, '2025-10-01', 1, 10, 2025),
(228, '2025-10-01', 1, 10, 2025),
(229, '2025-10-01', 1, 10, 2025),
(230, '2025-10-01', 1, 10, 2025),
(231, '2025-10-01', 1, 10, 2025),
(232, '2025-10-01', 1, 10, 2025),
(233, '2025-10-01', 1, 10, 2025),
(234, '2025-10-01', 1, 10, 2025),
(235, '2025-10-01', 1, 10, 2025),
(236, '2025-10-01', 1, 10, 2025),
(237, '2025-10-01', 1, 10, 2025),
(238, '2025-10-01', 1, 10, 2025),
(239, '2025-10-01', 1, 10, 2025),
(240, '2025-10-01', 1, 10, 2025),
(241, '2025-10-01', 1, 10, 2025),
(242, '2025-10-01', 1, 10, 2025),
(243, '2025-10-01', 1, 10, 2025),
(244, '2025-10-01', 1, 10, 2025),
(245, '2025-10-01', 1, 10, 2025),
(246, '2025-10-01', 1, 10, 2025),
(247, '2025-10-01', 1, 10, 2025),
(248, '2025-10-01', 1, 10, 2025),
(249, '2025-10-01', 1, 10, 2025),
(250, '2025-10-01', 1, 10, 2025),
(251, '2025-10-01', 1, 10, 2025),
(252, '2025-10-01', 1, 10, 2025),
(253, '2025-10-01', 1, 10, 2025),
(254, '2025-10-01', 1, 10, 2025),
(255, '2025-10-01', 1, 10, 2025),
(256, '2025-10-01', 1, 10, 2025),
(257, '2025-10-01', 1, 10, 2025),
(258, '2025-10-01', 1, 10, 2025),
(259, '2025-10-01', 1, 10, 2025),
(260, '2025-10-01', 1, 10, 2025),
(261, '2025-10-01', 1, 10, 2025),
(262, '2025-10-01', 1, 10, 2025),
(263, '2025-10-01', 1, 10, 2025),
(264, '2025-10-01', 1, 10, 2025),
(265, '2025-10-01', 1, 10, 2025),
(266, '2025-10-01', 1, 10, 2025),
(267, '2025-10-01', 1, 10, 2025),
(268, '2025-10-01', 1, 10, 2025),
(269, '2025-10-01', 1, 10, 2025),
(270, '2025-10-01', 1, 10, 2025),
(271, '2025-10-01', 1, 10, 2025),
(272, '2025-10-01', 1, 10, 2025),
(273, '2025-10-01', 1, 10, 2025),
(274, '2025-10-01', 1, 10, 2025),
(275, '2025-10-01', 1, 10, 2025),
(276, '2025-10-01', 1, 10, 2025),
(277, '2025-10-01', 1, 10, 2025),
(278, '2025-10-01', 1, 10, 2025),
(279, '2025-10-01', 1, 10, 2025),
(280, '2025-10-01', 1, 10, 2025),
(281, '2025-10-01', 1, 10, 2025),
(282, '2025-10-01', 1, 10, 2025),
(283, '2025-10-01', 1, 10, 2025),
(284, '2025-10-01', 1, 10, 2025),
(285, '2025-10-01', 1, 10, 2025),
(286, '2025-10-01', 1, 10, 2025),
(287, '2025-10-01', 1, 10, 2025),
(288, '2025-10-01', 1, 10, 2025),
(289, '2025-10-01', 1, 10, 2025),
(290, '2025-10-01', 1, 10, 2025),
(291, '2025-10-01', 1, 10, 2025),
(292, '2025-10-01', 1, 10, 2025),
(293, '2025-10-01', 1, 10, 2025),
(294, '2025-10-01', 1, 10, 2025),
(295, '2025-10-01', 1, 10, 2025),
(296, '2025-10-01', 1, 10, 2025),
(297, '2025-10-01', 1, 10, 2025),
(298, '2025-10-01', 1, 10, 2025),
(299, '2025-10-01', 1, 10, 2025),
(300, '2025-10-01', 1, 10, 2025),
(301, '2025-10-01', 1, 10, 2025),
(302, '2025-10-01', 1, 10, 2025),
(303, '2025-10-01', 1, 10, 2025),
(304, '2025-10-01', 1, 10, 2025),
(305, '2025-10-01', 1, 10, 2025),
(306, '2025-10-01', 1, 10, 2025),
(307, '2025-10-01', 1, 10, 2025),
(308, '2025-10-01', 1, 10, 2025),
(309, '2025-10-01', 1, 10, 2025),
(310, '2025-10-01', 1, 10, 2025),
(311, '2025-10-01', 1, 10, 2025),
(312, '2025-10-01', 1, 10, 2025),
(313, '2025-10-01', 1, 10, 2025),
(314, '2025-10-01', 1, 10, 2025),
(315, '2025-10-01', 1, 10, 2025),
(316, '2025-10-01', 1, 10, 2025),
(317, '2025-10-01', 1, 10, 2025),
(318, '2025-10-01', 1, 10, 2025),
(319, '2025-10-01', 1, 10, 2025),
(320, '2025-10-01', 1, 10, 2025),
(321, '2025-10-01', 1, 10, 2025),
(322, '2025-10-01', 1, 10, 2025),
(323, '2025-10-01', 1, 10, 2025),
(324, '2025-10-01', 1, 10, 2025),
(325, '2025-10-01', 1, 10, 2025),
(326, '2025-10-01', 1, 10, 2025),
(327, '2025-10-01', 1, 10, 2025),
(328, '2025-10-01', 1, 10, 2025),
(329, '2025-10-01', 1, 10, 2025),
(330, '2025-10-01', 1, 10, 2025),
(331, '2025-10-01', 1, 10, 2025),
(332, '2025-10-01', 1, 10, 2025),
(333, '2025-10-01', 1, 10, 2025),
(334, '2025-10-01', 1, 10, 2025),
(335, '2025-10-01', 1, 10, 2025),
(336, '2025-10-01', 1, 10, 2025),
(337, '2025-10-01', 1, 10, 2025),
(338, '2025-10-01', 1, 10, 2025),
(339, '2025-10-01', 1, 10, 2025),
(340, '2025-10-01', 1, 10, 2025),
(341, '2025-10-01', 1, 10, 2025),
(342, '2025-10-01', 1, 10, 2025),
(343, '2025-10-01', 1, 10, 2025),
(344, '2025-10-01', 1, 10, 2025),
(345, '2025-10-01', 1, 10, 2025),
(346, '2025-10-01', 1, 10, 2025),
(347, '2025-10-01', 1, 10, 2025),
(348, '2025-10-01', 1, 10, 2025),
(349, '2025-10-01', 1, 10, 2025),
(350, '2025-10-01', 1, 10, 2025),
(351, '2025-10-01', 1, 10, 2025),
(352, '2025-10-01', 1, 10, 2025),
(353, '2025-10-01', 1, 10, 2025),
(354, '2025-10-01', 1, 10, 2025),
(355, '2025-10-01', 1, 10, 2025),
(356, '2025-10-01', 1, 10, 2025),
(357, '2025-10-01', 1, 10, 2025),
(358, '2025-10-01', 1, 10, 2025),
(359, '2025-10-01', 1, 10, 2025),
(360, '2025-10-01', 1, 10, 2025),
(361, '2025-10-01', 1, 10, 2025),
(362, '2025-10-01', 1, 10, 2025),
(363, '2025-10-01', 1, 10, 2025),
(364, '2025-10-01', 1, 10, 2025),
(365, '2025-10-01', 1, 10, 2025),
(366, '2025-10-01', 1, 10, 2025),
(367, '2025-10-01', 1, 10, 2025),
(368, '2025-10-01', 1, 10, 2025),
(369, '2025-10-01', 1, 10, 2025),
(370, '2025-10-01', 1, 10, 2025),
(371, '2025-10-01', 1, 10, 2025),
(372, '2025-10-01', 1, 10, 2025),
(373, '2025-10-01', 1, 10, 2025),
(374, '2025-10-01', 1, 10, 2025),
(375, '2025-10-01', 1, 10, 2025),
(376, '2025-10-01', 1, 10, 2025),
(377, '2025-10-01', 1, 10, 2025),
(378, '2025-10-01', 1, 10, 2025),
(379, '2025-10-01', 1, 10, 2025),
(380, '2025-10-01', 1, 10, 2025),
(381, '2025-10-01', 1, 10, 2025),
(382, '2025-10-01', 1, 10, 2025),
(383, '2025-10-01', 1, 10, 2025),
(384, '2025-10-01', 1, 10, 2025),
(385, '2025-10-01', 1, 10, 2025),
(386, '2025-10-01', 1, 10, 2025),
(387, '2025-10-01', 1, 10, 2025),
(388, '2025-10-01', 1, 10, 2025),
(389, '2025-10-01', 1, 10, 2025),
(390, '2025-10-01', 1, 10, 2025),
(391, '2025-10-01', 1, 10, 2025),
(392, '2025-10-01', 1, 10, 2025),
(393, '2025-10-01', 1, 10, 2025),
(394, '2025-10-01', 1, 10, 2025),
(395, '2025-10-01', 1, 10, 2025),
(396, '2025-10-01', 1, 10, 2025),
(397, '2025-10-01', 1, 10, 2025),
(398, '2025-10-01', 1, 10, 2025),
(399, '2025-10-01', 1, 10, 2025),
(400, '2025-10-01', 1, 10, 2025),
(401, '2025-10-01', 1, 10, 2025),
(402, '2025-10-01', 1, 10, 2025),
(403, '2025-10-01', 1, 10, 2025),
(404, '2025-10-01', 1, 10, 2025),
(405, '2025-10-01', 1, 10, 2025),
(406, '2025-10-01', 1, 10, 2025),
(407, '2025-10-01', 1, 10, 2025),
(408, '2025-10-01', 1, 10, 2025),
(409, '2025-10-01', 1, 10, 2025),
(410, '2025-10-01', 1, 10, 2025),
(411, '2025-10-01', 1, 10, 2025),
(412, '2025-10-01', 1, 10, 2025),
(413, '2025-10-01', 1, 10, 2025),
(414, '2025-10-01', 1, 10, 2025),
(415, '2025-10-01', 1, 10, 2025),
(416, '2025-10-01', 1, 10, 2025),
(417, '2025-10-01', 1, 10, 2025),
(418, '2025-10-01', 1, 10, 2025),
(419, '2025-10-01', 1, 10, 2025),
(420, '2025-10-01', 1, 10, 2025),
(421, '2025-10-01', 1, 10, 2025),
(422, '2025-10-01', 1, 10, 2025),
(423, '2025-10-01', 1, 10, 2025),
(424, '2025-10-01', 1, 10, 2025),
(425, '2025-10-01', 1, 10, 2025),
(426, '2025-10-01', 1, 10, 2025),
(427, '2025-10-01', 1, 10, 2025),
(428, '2025-10-01', 1, 10, 2025),
(429, '2025-10-01', 1, 10, 2025),
(430, '2025-10-01', 1, 10, 2025),
(431, '2025-10-01', 1, 10, 2025),
(432, '2025-10-01', 1, 10, 2025),
(433, '2025-10-01', 1, 10, 2025),
(434, '2025-10-01', 1, 10, 2025),
(435, '2025-10-01', 1, 10, 2025),
(436, '2025-10-01', 1, 10, 2025),
(437, '2025-10-01', 1, 10, 2025),
(438, '2025-10-01', 1, 10, 2025),
(439, '2025-10-01', 1, 10, 2025),
(440, '2025-10-01', 1, 10, 2025),
(441, '2025-10-01', 1, 10, 2025),
(442, '2025-10-01', 1, 10, 2025),
(443, '2025-10-01', 1, 10, 2025),
(444, '2025-10-01', 1, 10, 2025),
(445, '2025-10-01', 1, 10, 2025),
(446, '2025-10-01', 1, 10, 2025),
(447, '2025-10-01', 1, 10, 2025),
(448, '2025-10-01', 1, 10, 2025),
(449, '2025-10-01', 1, 10, 2025),
(450, '2025-10-01', 1, 10, 2025),
(451, '2025-10-01', 1, 10, 2025),
(452, '2025-10-01', 1, 10, 2025),
(453, '2025-10-01', 1, 10, 2025),
(454, '2025-10-01', 1, 10, 2025),
(455, '2025-10-01', 1, 10, 2025),
(456, '2025-10-01', 1, 10, 2025),
(457, '2025-10-01', 1, 10, 2025),
(458, '2025-10-01', 1, 10, 2025),
(459, '2025-10-01', 1, 10, 2025),
(460, '2025-10-01', 1, 10, 2025),
(461, '2025-10-01', 1, 10, 2025),
(462, '2025-10-01', 1, 10, 2025),
(463, '2025-10-01', 1, 10, 2025),
(464, '2025-10-01', 1, 10, 2025),
(465, '2025-10-01', 1, 10, 2025),
(466, '2025-10-01', 1, 10, 2025),
(467, '2025-10-01', 1, 10, 2025),
(468, '2025-10-01', 1, 10, 2025),
(469, '2025-10-01', 1, 10, 2025),
(470, '2025-10-01', 1, 10, 2025),
(471, '2025-10-01', 1, 10, 2025),
(472, '2025-10-01', 1, 10, 2025),
(473, '2025-10-01', 1, 10, 2025),
(474, '2025-10-01', 1, 10, 2025),
(475, '2025-10-01', 1, 10, 2025),
(476, '2025-10-01', 1, 10, 2025),
(477, '2025-10-01', 1, 10, 2025),
(478, '2025-10-01', 1, 10, 2025),
(479, '2025-10-01', 1, 10, 2025),
(480, '2025-10-01', 1, 10, 2025),
(481, '2025-10-01', 1, 10, 2025),
(482, '2025-10-01', 1, 10, 2025),
(483, '2025-10-01', 1, 10, 2025),
(484, '2025-10-01', 1, 10, 2025),
(485, '2025-10-01', 1, 10, 2025),
(486, '2025-10-01', 1, 10, 2025),
(487, '2025-10-01', 1, 10, 2025),
(488, '2025-10-01', 1, 10, 2025),
(489, '2025-10-01', 1, 10, 2025),
(490, '2025-10-01', 1, 10, 2025),
(491, '2025-10-01', 1, 10, 2025),
(492, '2025-10-01', 1, 10, 2025),
(493, '2025-10-01', 1, 10, 2025),
(494, '2025-10-01', 1, 10, 2025),
(495, '2025-10-01', 1, 10, 2025),
(496, '2025-10-01', 1, 10, 2025),
(497, '2025-10-01', 1, 10, 2025),
(498, '2025-10-01', 1, 10, 2025),
(499, '2025-10-01', 1, 10, 2025),
(500, '2025-10-01', 1, 10, 2025),
(501, '2025-10-01', 1, 10, 2025),
(502, '2025-10-01', 1, 10, 2025),
(503, '2025-10-01', 1, 10, 2025),
(504, '2025-10-01', 1, 10, 2025),
(505, '2025-10-01', 1, 10, 2025),
(506, '2025-10-01', 1, 10, 2025),
(507, '2025-10-01', 1, 10, 2025),
(508, '2025-10-01', 1, 10, 2025),
(509, '2025-10-01', 1, 10, 2025),
(510, '2025-10-01', 1, 10, 2025),
(511, '2025-10-01', 1, 10, 2025),
(512, '2025-10-01', 1, 10, 2025),
(513, '2025-10-01', 1, 10, 2025),
(514, '2025-10-01', 1, 10, 2025),
(515, '2025-10-01', 1, 10, 2025),
(516, '2025-10-01', 1, 10, 2025),
(517, '2025-10-01', 1, 10, 2025),
(518, '2025-10-01', 1, 10, 2025),
(519, '2025-10-01', 1, 10, 2025),
(520, '2025-10-01', 1, 10, 2025),
(521, '2025-10-01', 1, 10, 2025),
(522, '2025-10-01', 1, 10, 2025),
(523, '2025-10-01', 1, 10, 2025),
(524, '2025-10-01', 1, 10, 2025),
(525, '2025-10-01', 1, 10, 2025),
(526, '2025-10-01', 1, 10, 2025),
(527, '2025-10-01', 1, 10, 2025),
(528, '2025-10-01', 1, 10, 2025),
(529, '2025-10-01', 1, 10, 2025),
(530, '2025-10-01', 1, 10, 2025),
(531, '2025-10-01', 1, 10, 2025),
(532, '2025-10-01', 1, 10, 2025),
(533, '2025-10-01', 1, 10, 2025),
(534, '2025-10-01', 1, 10, 2025),
(535, '2025-10-01', 1, 10, 2025),
(536, '2025-10-01', 1, 10, 2025),
(537, '2025-10-01', 1, 10, 2025),
(538, '2025-10-01', 1, 10, 2025),
(539, '2025-10-01', 1, 10, 2025),
(540, '2025-10-01', 1, 10, 2025),
(541, '2025-10-01', 1, 10, 2025),
(542, '2025-10-01', 1, 10, 2025),
(543, '2025-10-01', 1, 10, 2025),
(544, '2025-10-01', 1, 10, 2025),
(545, '2025-10-01', 1, 10, 2025),
(546, '2025-10-01', 1, 10, 2025),
(547, '2025-10-01', 1, 10, 2025),
(548, '2025-10-01', 1, 10, 2025),
(549, '2025-10-01', 1, 10, 2025),
(550, '2025-10-01', 1, 10, 2025),
(551, '2025-10-01', 1, 10, 2025),
(552, '2025-10-01', 1, 10, 2025),
(553, '2025-10-01', 1, 10, 2025),
(554, '2025-10-01', 1, 10, 2025),
(555, '2025-10-01', 1, 10, 2025),
(556, '2025-10-01', 1, 10, 2025),
(557, '2025-10-01', 1, 10, 2025),
(558, '2025-10-01', 1, 10, 2025),
(559, '2025-10-01', 1, 10, 2025),
(560, '2025-10-01', 1, 10, 2025),
(561, '2025-10-01', 1, 10, 2025),
(562, '2025-10-01', 1, 10, 2025),
(563, '2025-10-01', 1, 10, 2025),
(564, '2025-10-01', 1, 10, 2025),
(565, '2025-10-01', 1, 10, 2025),
(566, '2025-10-01', 1, 10, 2025),
(567, '2025-10-01', 1, 10, 2025),
(568, '2025-10-01', 1, 10, 2025),
(569, '2025-10-01', 1, 10, 2025),
(570, '2025-10-01', 1, 10, 2025),
(571, '2025-10-01', 1, 10, 2025),
(572, '2025-10-01', 1, 10, 2025),
(573, '2025-10-01', 1, 10, 2025),
(574, '2025-10-01', 1, 10, 2025),
(575, '2025-10-01', 1, 10, 2025),
(576, '2025-10-01', 1, 10, 2025),
(577, '2025-10-01', 1, 10, 2025),
(578, '2025-10-01', 1, 10, 2025),
(579, '2025-10-01', 1, 10, 2025),
(580, '2025-10-01', 1, 10, 2025),
(581, '2025-10-01', 1, 10, 2025),
(582, '2025-10-01', 1, 10, 2025),
(583, '2025-10-01', 1, 10, 2025),
(584, '2025-10-01', 1, 10, 2025),
(585, '2025-10-01', 1, 10, 2025),
(586, '2025-10-01', 1, 10, 2025),
(587, '2025-10-01', 1, 10, 2025),
(588, '2025-10-01', 1, 10, 2025),
(589, '2025-10-01', 1, 10, 2025),
(590, '2025-10-01', 1, 10, 2025),
(591, '2025-10-01', 1, 10, 2025),
(592, '2025-10-01', 1, 10, 2025),
(593, '2025-10-01', 1, 10, 2025),
(594, '2025-10-01', 1, 10, 2025),
(595, '2025-10-01', 1, 10, 2025),
(596, '2025-10-01', 1, 10, 2025),
(597, '2025-10-01', 1, 10, 2025),
(598, '2025-10-01', 1, 10, 2025),
(599, '2025-10-01', 1, 10, 2025),
(600, '2025-10-01', 1, 10, 2025),
(601, '2025-10-01', 1, 10, 2025),
(602, '2025-10-01', 1, 10, 2025),
(603, '2025-10-01', 1, 10, 2025),
(604, '2025-10-01', 1, 10, 2025),
(605, '2025-10-01', 1, 10, 2025),
(606, '2025-10-01', 1, 10, 2025),
(607, '2025-10-01', 1, 10, 2025),
(608, '2025-10-01', 1, 10, 2025),
(609, '2025-10-01', 1, 10, 2025),
(610, '2025-10-01', 1, 10, 2025),
(611, '2025-10-01', 1, 10, 2025),
(612, '2025-10-01', 1, 10, 2025),
(613, '2025-10-01', 1, 10, 2025),
(614, '2025-10-01', 1, 10, 2025),
(615, '2025-10-01', 1, 10, 2025),
(616, '2025-10-01', 1, 10, 2025),
(617, '2025-10-01', 1, 10, 2025),
(618, '2025-10-01', 1, 10, 2025),
(619, '2025-10-01', 1, 10, 2025),
(620, '2025-10-01', 1, 10, 2025),
(621, '2025-10-01', 1, 10, 2025),
(622, '2025-10-01', 1, 10, 2025),
(623, '2025-10-01', 1, 10, 2025),
(624, '2025-10-01', 1, 10, 2025),
(625, '2025-10-01', 1, 10, 2025),
(626, '2025-10-01', 1, 10, 2025),
(627, '2025-10-01', 1, 10, 2025);

-- --------------------------------------------------------

--
-- Structure de la table `dim_orders`
--

CREATE TABLE `dim_orders` (
  `id_order` int(3) NOT NULL,
  `id_customer` int(2) DEFAULT NULL,
  `order_date` varchar(10) DEFAULT NULL,
  `total_amount` decimal(6,2) DEFAULT NULL
) ENGINE=InnoDB DEFAULT CHARSET=utf8 COLLATE=utf8_general_ci;

--
-- Déchargement des données de la table `dim_orders`
--

INSERT INTO `dim_orders` (`id_order`, `id_customer`, `order_date`, `total_amount`) VALUES
(1, 36, '2024-10-10', 757.20),
(2, 35, '2025-07-23', 545.08),
(3, 16, '2025-04-24', 793.40),
(4, 41, '2025-09-02', 88.74),
(5, 17, '2024-03-31', 398.16),
(6, 28, '2025-07-09', 1187.58),
(7, 16, '2024-06-30', 3689.91),
(8, 29, '2025-04-23', 986.61),
(9, 24, '2025-03-31', 2171.96),
(10, 44, '2025-08-29', 632.88),
(11, 2, '2023-11-25', 755.40),
(12, 13, '2025-08-05', 406.95),
(13, 48, '2024-11-10', 2197.07),
(14, 14, '2025-02-24', 1787.70),
(15, 1, '2025-02-28', 2169.52),
(16, 16, '2025-03-08', 788.36),
(17, 20, '2024-12-22', 1872.98),
(18, 29, '2024-04-23', 1855.83),
(19, 6, '2024-03-06', 1444.80),
(20, 32, '2024-05-24', 2597.18),
(21, 23, '2025-01-29', 1369.61),
(22, 26, '2025-01-30', 2446.90),
(23, 4, '2025-02-26', 1839.18),
(24, 21, '2024-06-13', 1172.44),
(25, 31, '2025-08-26', 430.89),
(26, 32, '2024-08-05', 1667.10),
(27, 32, '2023-12-19', 80.60),
(28, 39, '2025-01-01', 2009.19),
(29, 7, '2024-07-25', 2310.90),
(30, 11, '2023-11-28', 8.10),
(31, 48, '2025-02-16', 1772.60),
(32, 46, '2024-09-15', 2236.80),
(33, 39, '2024-03-11', 2265.30),
(34, 33, '2023-11-07', 558.81),
(35, 26, '2025-09-08', 1648.50),
(36, 27, '2024-02-05', 1248.15),
(37, 31, '2024-06-12', 1311.12),
(38, 39, '2024-11-02', 642.48),
(39, 38, '2025-09-12', 1395.78),
(40, 26, '2024-11-14', 1942.36),
(41, 37, '2025-04-04', 1248.23),
(42, 4, '2023-11-27', 1418.99),
(43, 47, '2025-09-10', 8.10),
(44, 43, '2024-05-28', 1473.32),
(45, 5, '2025-07-08', 956.78),
(46, 6, '2024-12-30', 2008.47),
(47, 38, '2024-11-22', 1578.02),
(48, 42, '2025-09-14', 2481.15),
(49, 30, '2024-11-05', 35.43),
(50, 45, '2025-09-01', 1843.53),
(51, 1, '2024-12-17', 1826.76),
(52, 9, '2025-08-25', 848.54),
(53, 37, '2024-10-02', 1172.23),
(54, 10, '2025-07-07', 1116.57),
(55, 28, '2023-10-05', 664.18),
(56, 4, '2024-04-25', 840.44),
(57, 20, '2024-02-15', 3483.00),
(58, 50, '2025-01-18', 1217.51),
(59, 3, '2024-11-22', 1260.66),
(60, 31, '2025-06-23', 1118.41),
(61, 49, '2023-11-25', 305.74),
(62, 39, '2024-03-26', 2553.19),
(63, 23, '2025-09-05', 528.84),
(64, 30, '2025-05-15', 3302.17),
(65, 40, '2023-09-30', 1369.63),
(66, 10, '2024-11-22', 1115.75),
(67, 16, '2024-09-18', 1747.21),
(68, 50, '2025-02-27', 1857.34),
(69, 44, '2024-03-07', 2164.61),
(70, 41, '2024-03-08', 443.51),
(71, 39, '2023-12-12', 1784.28),
(72, 11, '2024-03-27', 653.56),
(73, 31, '2025-03-31', 1673.48),
(74, 18, '2024-09-06', 737.26),
(75, 18, '2024-09-17', 1741.28),
(76, 2, '2025-02-01', 760.18),
(77, 30, '2025-02-16', 1382.51),
(78, 25, '2024-07-30', 1284.96),
(79, 13, '2024-07-06', 398.16),
(80, 19, '2024-01-12', 903.79),
(81, 31, '2024-02-27', 1320.35),
(82, 12, '2024-11-05', 1365.19),
(83, 31, '2023-12-20', 2606.79),
(84, 45, '2024-07-28', 1090.76),
(85, 23, '2025-06-02', 3023.88),
(86, 39, '2023-11-08', 845.00),
(87, 22, '2024-05-25', 1125.55),
(88, 46, '2025-02-01', 819.83),
(89, 15, '2025-05-27', 1385.45),
(90, 36, '2024-09-24', 120.90),
(91, 19, '2024-01-06', 1126.95),
(92, 11, '2024-08-30', 3458.56),
(93, 33, '2024-02-22', 1897.82),
(94, 5, '2024-11-14', 959.47),
(95, 39, '2024-02-17', 1976.52),
(96, 22, '2023-11-02', 1158.17),
(97, 15, '2024-01-05', 1359.10),
(98, 39, '2024-07-09', 1130.40),
(99, 20, '2024-07-14', 1064.87),
(100, 4, '2025-01-27', 293.37),
(101, 45, '2024-06-21', 3012.34),
(102, 40, '2025-01-07', 826.53),
(103, 48, '2025-05-20', 588.23),
(104, 27, '2024-07-30', 3047.43),
(105, 3, '2024-01-23', 1743.41),
(106, 38, '2025-01-20', 1591.23),
(107, 23, '2024-01-25', 3000.92),
(108, 34, '2025-08-23', 3411.02),
(109, 23, '2024-11-30', 2523.09),
(110, 24, '2023-10-29', 1167.63),
(111, 22, '2025-04-05', 1062.70),
(112, 9, '2024-09-19', 1972.73),
(113, 7, '2024-07-09', 1741.97),
(114, 19, '2025-01-30', 2082.66),
(115, 18, '2024-02-01', 2217.15),
(116, 10, '2024-10-21', 1200.87),
(117, 45, '2025-05-12', 957.21),
(118, 33, '2025-08-24', 1036.21),
(119, 31, '2024-06-25', 106.29),
(120, 16, '2024-08-28', 840.44),
(121, 17, '2024-03-10', 931.51),
(122, 18, '2025-01-05', 2564.61),
(123, 33, '2024-05-19', 1446.34),
(124, 30, '2025-05-25', 214.16),
(125, 35, '2023-11-09', 725.82),
(126, 33, '2025-05-28', 2641.24),
(127, 48, '2023-11-09', 1449.17),
(128, 1, '2024-03-09', 463.75),
(129, 35, '2023-10-04', 1571.31),
(130, 13, '2025-03-19', 1241.54),
(131, 12, '2025-08-07', 24.30),
(132, 43, '2025-09-07', 319.07),
(133, 47, '2025-03-23', 1310.14),
(134, 23, '2025-07-24', 1731.63),
(135, 30, '2023-10-12', 654.34),
(136, 47, '2024-11-09', 1524.61),
(137, 5, '2023-11-27', 1777.07),
(138, 24, '2024-06-16', 3712.58),
(139, 25, '2024-06-28', 1333.70),
(140, 16, '2024-05-22', 1351.66),
(141, 30, '2025-09-26', 687.36),
(142, 26, '2023-09-30', 2099.76),
(143, 37, '2025-02-04', 1811.41),
(144, 27, '2024-10-09', 1429.55),
(145, 6, '2024-07-24', 457.98),
(146, 6, '2024-10-20', 1656.98),
(147, 42, '2025-06-18', 600.67),
(148, 15, '2025-04-04', 984.83),
(149, 4, '2024-08-09', 1678.32),
(150, 14, '2024-07-16', 2387.77),
(151, 47, '2024-08-08', 770.73),
(152, 44, '2025-09-22', 852.35),
(153, 39, '2025-03-28', 281.64),
(154, 1, '2024-01-04', 1146.04),
(155, 2, '2024-06-28', 2225.84),
(156, 38, '2025-09-26', 29.58),
(157, 44, '2025-06-02', 2282.40),
(158, 27, '2024-11-26', 1314.61),
(159, 28, '2024-08-05', 2169.08),
(160, 37, '2024-11-21', 2837.90),
(161, 24, '2024-06-03', 1096.83),
(162, 10, '2025-02-23', 678.10),
(163, 36, '2025-01-05', 670.91),
(164, 26, '2025-09-01', 1771.22),
(165, 50, '2024-08-27', 1244.51),
(166, 45, '2024-04-27', 2881.19),
(167, 47, '2023-12-27', 373.18),
(168, 32, '2024-01-10', 2543.17),
(169, 24, '2025-08-18', 1794.80),
(170, 39, '2023-12-10', 1881.89),
(171, 11, '2024-02-26', 1737.44),
(172, 31, '2024-11-02', 950.81),
(173, 33, '2025-01-16', 3167.74),
(174, 19, '2024-04-06', 1168.40),
(175, 43, '2025-07-28', 957.21),
(176, 43, '2024-04-16', 987.71),
(177, 36, '2024-05-29', 1150.74),
(178, 45, '2025-07-26', 739.28),
(179, 42, '2024-12-17', 1758.51),
(180, 33, '2025-08-29', 1435.96),
(181, 36, '2024-09-04', 1893.45),
(182, 11, '2024-09-30', 781.96),
(183, 22, '2025-08-04', 2353.68),
(184, 38, '2025-05-21', 1924.48),
(185, 47, '2025-05-16', 1922.18),
(186, 45, '2024-07-09', 932.73),
(187, 24, '2025-01-15', 339.05),
(188, 47, '2023-10-29', 1173.60),
(189, 6, '2024-10-04', 2242.17),
(190, 2, '2025-01-18', 1925.64),
(191, 44, '2024-03-11', 80.60),
(192, 18, '2025-06-24', 319.07),
(193, 33, '2023-12-09', 446.22),
(194, 34, '2024-02-05', 2189.37),
(195, 42, '2024-11-25', 2087.59),
(196, 38, '2024-11-14', 8.10),
(197, 35, '2023-10-18', 748.96),
(198, 23, '2025-02-10', 135.81),
(199, 2, '2024-11-14', 915.96),
(200, 46, '2023-12-25', 362.91);

-- --------------------------------------------------------

--
-- Structure de la table `dim_products`
--

CREATE TABLE `dim_products` (
  `id_product` int(2) NOT NULL,
  `name` varchar(10) DEFAULT NULL,
  `category` varchar(12) DEFAULT NULL,
  `price` decimal(5,2) DEFAULT NULL
) ENGINE=InnoDB DEFAULT CHARSET=utf8 COLLATE=utf8_general_ci;

--
-- Déchargement des données de la table `dim_products`
--

INSERT INTO `dim_products` (`id_product`, `name`, `category`, `price`) VALUES
(1, 'Produit_1', 'Maison', 29.58),
(2, 'Produit_2', 'Maison', 319.07),
(3, 'Produit_3', 'Électronique', 420.22),
(4, 'Produit_4', 'Maison', 40.30),
(5, 'Produit_5', 'Électronique', 155.48),
(6, 'Produit_6', 'Électronique', 214.16),
(7, 'Produit_7', 'Électronique', 8.10),
(8, 'Produit_8', 'Vêtements', 339.05),
(9, 'Produit_9', 'Électronique', 206.20),
(10, 'Produit_10', 'Vêtements', 362.91),
(11, 'Produit_11', 'Électronique', 186.59),
(12, 'Produit_12', 'Vêtements', 35.43),
(13, 'Produit_13', 'Électronique', 457.98),
(14, 'Produit_14', 'Électronique', 389.21),
(15, 'Produit_15', 'Vêtements', 135.81),
(16, 'Produit_16', 'Vêtements', 210.96),
(17, 'Produit_17', 'Maison', 132.72),
(18, 'Produit_18', 'Maison', 334.23),
(19, 'Produit_19', 'Électronique', 97.79),
(20, 'Produit_20', 'Électronique', 328.87);

-- --------------------------------------------------------

--
-- Structure de la table `fact_order_items`
--

CREATE TABLE `fact_order_items` (
  `id_order` int(3) DEFAULT NULL,
  `id_product` int(2) DEFAULT NULL,
  `quantity` int(1) DEFAULT NULL,
  `unit_price` decimal(5,2) DEFAULT NULL,
  `id_customer` int(2) DEFAULT NULL,
  `id_date` int(11) DEFAULT NULL
) ENGINE=InnoDB DEFAULT CHARSET=utf8 COLLATE=utf8_general_ci;

--
-- Déchargement des données de la table `fact_order_items`
--

INSERT INTO `fact_order_items` (`id_order`, `id_product`, `quantity`, `unit_price`, `id_customer`, `id_date`) VALUES
(1, 18, 2, 334.23, 1, 2),
(1, 1, 3, 29.58, 2, 3),
(2, 15, 1, 135.81, 3, 4),
(2, 1, 2, 29.58, 4, 5),
(2, 7, 1, 8.10, 5, 6),
(2, 9, 1, 206.20, 6, 7),
(2, 15, 1, 135.81, 7, 8),
(3, 11, 2, 186.59, 8, 9),
(3, 3, 1, 420.22, 9, 10),
(4, 1, 3, 29.58, 10, 11),
(5, 17, 3, 132.72, 11, 12),
(6, 13, 2, 457.98, 12, 13),
(6, 15, 2, 135.81, 13, 14),
(7, 4, 1, 40.30, 14, 15),
(7, 20, 2, 328.87, 15, 16),
(7, 3, 3, 420.22, 16, 17),
(7, 10, 3, 362.91, 17, 18),
(7, 6, 3, 214.16, 18, 19),
(8, 20, 3, 328.87, 19, 20),
(9, 3, 3, 420.22, 20, 21),
(9, 3, 2, 420.22, 21, 22),
(9, 12, 2, 35.43, 22, 23),
(10, 16, 3, 210.96, 23, 24),
(11, 1, 1, 29.58, 24, 25),
(11, 10, 2, 362.91, 25, 26),
(12, 11, 1, 186.59, 26, 27),
(12, 1, 2, 29.58, 27, 28),
(12, 4, 3, 40.30, 28, 29),
(12, 4, 1, 40.30, 29, 30),
(13, 1, 1, 29.58, 30, 31),
(13, 13, 3, 457.98, 31, 32),
(13, 20, 2, 328.87, 32, 33),
(13, 15, 1, 135.81, 33, 34),
(14, 2, 1, 319.07, 34, 35),
(14, 1, 1, 29.58, 35, 36),
(14, 19, 1, 97.79, 36, 37),
(14, 4, 2, 40.30, 37, 38),
(14, 3, 3, 420.22, 38, 39),
(15, 18, 1, 334.23, 39, 40),
(15, 9, 1, 206.20, 40, 41),
(15, 20, 3, 328.87, 41, 42),
(15, 6, 3, 214.16, 42, 43),
(16, 5, 1, 155.48, 43, 44),
(16, 16, 3, 210.96, 44, 45),
(17, 3, 2, 420.22, 45, 46),
(17, 12, 3, 35.43, 46, 47),
(17, 16, 3, 210.96, 47, 48),
(17, 19, 3, 97.79, 48, 49),
(18, 17, 1, 132.72, 49, 50),
(18, 6, 1, 214.16, 50, 51),
(18, 10, 3, 362.91, 1, 52),
(18, 3, 1, 420.22, 2, 53),
(19, 13, 3, 457.98, 3, 54),
(19, 12, 2, 35.43, 4, 55),
(20, 14, 3, 389.21, 5, 56),
(20, 8, 3, 339.05, 6, 57),
(20, 9, 2, 206.20, 7, 58),
(21, 2, 3, 319.07, 8, 59),
(21, 9, 2, 206.20, 9, 60),
(22, 6, 3, 214.16, 10, 61),
(22, 3, 1, 420.22, 11, 62),
(22, 16, 3, 210.96, 12, 63),
(22, 9, 3, 206.20, 13, 64),
(22, 17, 1, 132.72, 14, 65),
(23, 19, 1, 97.79, 15, 66),
(23, 11, 2, 186.59, 16, 67),
(23, 5, 1, 155.48, 17, 68),
(23, 8, 3, 339.05, 18, 69),
(23, 19, 2, 97.79, 19, 70),
(24, 15, 1, 135.81, 20, 71),
(24, 9, 1, 206.20, 21, 72),
(24, 19, 3, 97.79, 22, 73),
(24, 15, 2, 135.81, 23, 74),
(24, 17, 2, 132.72, 24, 75),
(25, 17, 2, 132.72, 25, 76),
(25, 1, 2, 29.58, 26, 77),
(25, 12, 3, 35.43, 27, 78),
(26, 12, 1, 35.43, 28, 79),
(26, 10, 1, 362.91, 29, 80),
(26, 6, 2, 214.16, 30, 81),
(26, 3, 2, 420.22, 31, 82),
(27, 4, 2, 40.30, 32, 83),
(28, 16, 2, 210.96, 33, 84),
(28, 3, 1, 420.22, 34, 85),
(28, 8, 2, 339.05, 35, 86),
(28, 19, 2, 97.79, 36, 87),
(28, 19, 3, 97.79, 37, 88),
(29, 17, 1, 132.72, 38, 89),
(29, 13, 2, 457.98, 39, 90),
(29, 1, 2, 29.58, 40, 91),
(29, 12, 1, 35.43, 41, 92),
(29, 14, 3, 389.21, 42, 93),
(30, 7, 1, 8.10, 43, 94),
(31, 6, 2, 214.16, 44, 95),
(31, 6, 2, 214.16, 45, 96),
(31, 13, 2, 457.98, 46, 97),
(32, 13, 1, 457.98, 47, 98),
(32, 6, 2, 214.16, 48, 99),
(32, 20, 2, 328.87, 49, 100),
(32, 7, 3, 8.10, 50, 101),
(32, 18, 2, 334.23, 1, 102),
(33, 2, 3, 319.07, 2, 103),
(33, 3, 1, 420.22, 3, 104),
(33, 17, 3, 132.72, 4, 105),
(33, 5, 1, 155.48, 5, 106),
(33, 18, 1, 334.23, 6, 107),
(34, 17, 2, 132.72, 7, 108),
(34, 19, 3, 97.79, 8, 109),
(35, 11, 3, 186.59, 9, 110),
(35, 10, 3, 362.91, 10, 111),
(36, 9, 2, 206.20, 11, 112),
(36, 6, 2, 214.16, 12, 113),
(36, 15, 3, 135.81, 13, 114),
(37, 11, 3, 186.59, 14, 115),
(37, 13, 1, 457.98, 15, 116),
(37, 19, 3, 97.79, 16, 117),
(38, 6, 3, 214.16, 17, 118),
(39, 15, 2, 135.81, 18, 119),
(39, 10, 3, 362.91, 19, 120),
(39, 12, 1, 35.43, 20, 121),
(40, 19, 3, 97.79, 21, 122),
(40, 10, 1, 362.91, 22, 123),
(40, 20, 1, 328.87, 23, 124),
(40, 2, 3, 319.07, 24, 125),
(41, 4, 2, 40.30, 25, 126),
(41, 14, 3, 389.21, 26, 127),
(42, 15, 3, 135.81, 27, 128),
(42, 11, 3, 186.59, 28, 129),
(42, 17, 1, 132.72, 29, 130),
(42, 2, 1, 319.07, 30, 131),
(43, 7, 1, 8.10, 31, 132),
(44, 16, 3, 210.96, 32, 133),
(44, 3, 2, 420.22, 33, 134),
(45, 4, 2, 40.30, 34, 135),
(45, 12, 3, 35.43, 35, 136),
(45, 17, 3, 132.72, 36, 137),
(45, 12, 3, 35.43, 37, 138),
(45, 17, 2, 132.72, 38, 139),
(46, 13, 2, 457.98, 39, 140),
(46, 15, 1, 135.81, 40, 141),
(46, 10, 1, 362.91, 41, 142),
(46, 13, 1, 457.98, 42, 143),
(46, 15, 1, 135.81, 43, 144),
(47, 19, 1, 97.79, 44, 145),
(47, 13, 3, 457.98, 45, 146),
(47, 12, 3, 35.43, 46, 147),
(48, 9, 1, 206.20, 47, 148),
(48, 8, 3, 339.05, 48, 149),
(48, 1, 2, 29.58, 49, 150),
(48, 3, 1, 420.22, 50, 151),
(48, 14, 2, 389.21, 1, 152),
(49, 12, 1, 35.43, 2, 153),
(50, 7, 3, 8.10, 3, 154),
(50, 20, 3, 328.87, 4, 155),
(50, 9, 2, 206.20, 5, 156),
(50, 3, 1, 420.22, 6, 157),
(51, 14, 1, 389.21, 7, 158),
(51, 15, 1, 135.81, 8, 159),
(51, 17, 3, 132.72, 9, 160),
(51, 2, 2, 319.07, 10, 161),
(51, 17, 2, 132.72, 11, 162),
(52, 7, 1, 8.10, 12, 163),
(52, 3, 2, 420.22, 13, 164),
(53, 7, 1, 8.10, 14, 165),
(53, 11, 1, 186.59, 15, 166),
(53, 6, 3, 214.16, 16, 167),
(53, 6, 1, 214.16, 17, 168),
(53, 4, 3, 40.30, 18, 169),
(54, 11, 2, 186.59, 19, 170),
(54, 8, 1, 339.05, 20, 171),
(54, 15, 2, 135.81, 21, 172),
(54, 17, 1, 132.72, 22, 173),
(55, 13, 1, 457.98, 23, 174),
(55, 9, 1, 206.20, 24, 175),
(56, 3, 2, 420.22, 25, 176),
(57, 14, 3, 389.21, 26, 177),
(57, 12, 3, 35.43, 27, 178),
(57, 7, 3, 8.10, 28, 179),
(57, 14, 3, 389.21, 29, 180),
(57, 8, 3, 339.05, 30, 181),
(58, 20, 2, 328.87, 31, 182),
(58, 11, 3, 186.59, 32, 183),
(59, 3, 3, 420.22, 33, 184),
(60, 2, 3, 319.07, 34, 185),
(60, 4, 1, 40.30, 35, 186),
(60, 4, 3, 40.30, 36, 187),
(61, 4, 1, 40.30, 37, 188),
(61, 17, 2, 132.72, 38, 189),
(62, 14, 3, 389.21, 39, 190),
(62, 17, 1, 132.72, 40, 191),
(62, 3, 2, 420.22, 41, 192),
(62, 9, 2, 206.20, 42, 193),
(63, 12, 2, 35.43, 43, 194),
(63, 13, 1, 457.98, 44, 195),
(64, 6, 2, 214.16, 45, 196),
(64, 14, 2, 389.21, 46, 197),
(64, 2, 3, 319.07, 47, 198),
(64, 9, 2, 206.20, 48, 199),
(64, 10, 2, 362.91, 49, 200),
(65, 8, 2, 339.05, 50, 201),
(65, 17, 3, 132.72, 1, 202),
(65, 19, 3, 97.79, 2, 203),
(66, 2, 1, 319.07, 3, 204),
(66, 12, 2, 35.43, 4, 205),
(66, 10, 2, 362.91, 5, 206),
(67, 15, 3, 135.81, 6, 207),
(67, 15, 2, 135.81, 7, 208),
(67, 5, 2, 155.48, 8, 209),
(67, 18, 2, 334.23, 9, 210),
(67, 1, 3, 29.58, 10, 211),
(68, 11, 3, 186.59, 11, 212),
(68, 20, 3, 328.87, 12, 213),
(68, 5, 1, 155.48, 13, 214),
(68, 5, 1, 155.48, 14, 215),
(69, 14, 3, 389.21, 15, 216),
(69, 2, 1, 319.07, 16, 217),
(69, 12, 1, 35.43, 17, 218),
(69, 6, 3, 214.16, 18, 219),
(70, 10, 1, 362.91, 19, 220),
(70, 4, 2, 40.30, 20, 221),
(71, 3, 2, 420.22, 21, 222),
(71, 5, 2, 155.48, 22, 223),
(71, 16, 2, 210.96, 23, 224),
(71, 16, 1, 210.96, 24, 225),
(72, 13, 1, 457.98, 25, 226),
(72, 19, 2, 97.79, 26, 227),
(73, 10, 3, 362.91, 27, 228),
(73, 17, 1, 132.72, 28, 229),
(73, 11, 1, 186.59, 29, 230),
(73, 17, 2, 132.72, 30, 231),
(74, 8, 2, 339.05, 31, 232),
(74, 1, 2, 29.58, 32, 233),
(75, 3, 2, 420.22, 33, 234),
(75, 12, 1, 35.43, 34, 235),
(75, 13, 1, 457.98, 35, 236),
(75, 15, 3, 135.81, 36, 237),
(76, 16, 1, 210.96, 37, 238),
(76, 6, 2, 214.16, 38, 239),
(76, 4, 3, 40.30, 39, 240),
(77, 7, 1, 8.10, 40, 241),
(77, 15, 1, 135.81, 41, 242),
(77, 3, 2, 420.22, 42, 243),
(77, 17, 3, 132.72, 43, 244),
(78, 6, 3, 214.16, 44, 245),
(78, 6, 3, 214.16, 45, 246),
(79, 17, 3, 132.72, 46, 247),
(80, 8, 1, 339.05, 47, 248),
(80, 19, 1, 97.79, 48, 249),
(80, 17, 1, 132.72, 49, 250),
(80, 18, 1, 334.23, 50, 251),
(81, 16, 1, 210.96, 1, 252),
(81, 10, 1, 362.91, 2, 253),
(81, 15, 3, 135.81, 3, 254),
(81, 8, 1, 339.05, 4, 255),
(82, 15, 3, 135.81, 5, 256),
(82, 15, 3, 135.81, 6, 257),
(82, 20, 1, 328.87, 7, 258),
(82, 1, 3, 29.58, 8, 259),
(82, 17, 1, 132.72, 9, 260),
(83, 1, 2, 29.58, 10, 261),
(83, 10, 1, 362.91, 11, 262),
(83, 3, 3, 420.22, 12, 263),
(83, 7, 1, 8.10, 13, 264),
(83, 13, 2, 457.98, 14, 265),
(84, 7, 3, 8.10, 15, 266),
(84, 2, 2, 319.07, 16, 267),
(84, 6, 2, 214.16, 17, 268),
(85, 8, 2, 339.05, 18, 269),
(85, 12, 2, 35.43, 19, 270),
(85, 14, 2, 389.21, 20, 271),
(85, 20, 1, 328.87, 21, 272),
(85, 14, 3, 389.21, 22, 273),
(86, 4, 2, 40.30, 23, 274),
(86, 7, 1, 8.10, 24, 275),
(86, 12, 3, 35.43, 25, 276),
(86, 5, 2, 155.48, 26, 277),
(86, 8, 1, 339.05, 27, 278),
(87, 20, 1, 328.87, 28, 279),
(87, 12, 2, 35.43, 29, 280),
(87, 10, 2, 362.91, 30, 281),
(88, 15, 3, 135.81, 31, 282),
(88, 9, 2, 206.20, 32, 283),
(89, 11, 1, 186.59, 33, 284),
(89, 4, 3, 40.30, 34, 285),
(89, 3, 1, 420.22, 35, 286),
(89, 20, 2, 328.87, 36, 287),
(90, 4, 3, 40.30, 37, 288),
(91, 8, 2, 339.05, 38, 289),
(91, 5, 1, 155.48, 39, 290),
(91, 19, 3, 97.79, 40, 291),
(92, 14, 3, 389.21, 41, 292),
(92, 3, 1, 420.22, 42, 293),
(92, 11, 3, 186.59, 43, 294),
(92, 6, 3, 214.16, 44, 295),
(92, 18, 2, 334.23, 45, 296),
(93, 17, 1, 132.72, 46, 297),
(93, 19, 1, 97.79, 47, 298),
(93, 19, 3, 97.79, 48, 299),
(93, 13, 3, 457.98, 49, 300),
(94, 1, 2, 29.58, 50, 301),
(94, 5, 1, 155.48, 1, 302),
(94, 1, 1, 29.58, 2, 303),
(94, 5, 1, 155.48, 3, 304),
(94, 11, 3, 186.59, 4, 305),
(95, 8, 2, 339.05, 5, 306),
(95, 13, 1, 457.98, 6, 307),
(95, 3, 2, 420.22, 7, 308),
(96, 5, 1, 155.48, 8, 309),
(96, 18, 3, 334.23, 9, 310),
(97, 12, 1, 35.43, 10, 311),
(97, 9, 1, 206.20, 11, 312),
(97, 14, 2, 389.21, 12, 313),
(97, 8, 1, 339.05, 13, 314),
(98, 16, 3, 210.96, 14, 315),
(98, 19, 1, 97.79, 15, 316),
(98, 20, 1, 328.87, 16, 317),
(98, 12, 2, 35.43, 17, 318),
(99, 10, 2, 362.91, 18, 319),
(99, 8, 1, 339.05, 19, 320),
(100, 19, 3, 97.79, 20, 321),
(101, 2, 3, 319.07, 21, 322),
(101, 2, 2, 319.07, 22, 323),
(101, 12, 1, 35.43, 23, 324),
(101, 3, 3, 420.22, 24, 325),
(101, 4, 3, 40.30, 25, 326),
(102, 1, 2, 29.58, 26, 327),
(102, 8, 1, 339.05, 27, 328),
(102, 6, 2, 214.16, 28, 329),
(103, 20, 1, 328.87, 29, 330),
(103, 4, 1, 40.30, 30, 331),
(103, 7, 1, 8.10, 31, 332),
(103, 16, 1, 210.96, 32, 333),
(104, 19, 1, 97.79, 33, 334),
(104, 3, 3, 420.22, 34, 335),
(104, 6, 2, 214.16, 35, 336),
(104, 3, 3, 420.22, 36, 337),
(105, 4, 3, 40.30, 37, 338),
(105, 14, 3, 389.21, 38, 339),
(105, 2, 1, 319.07, 39, 340),
(105, 15, 1, 135.81, 40, 341),
(106, 13, 1, 457.98, 41, 342),
(106, 10, 2, 362.91, 42, 343),
(106, 15, 3, 135.81, 43, 344),
(107, 14, 3, 389.21, 44, 345),
(107, 14, 3, 389.21, 45, 346),
(107, 19, 1, 97.79, 46, 347),
(107, 11, 3, 186.59, 47, 348),
(107, 7, 1, 8.10, 48, 349),
(108, 12, 1, 35.43, 49, 350),
(108, 3, 3, 420.22, 50, 351),
(108, 2, 1, 319.07, 1, 352),
(108, 16, 2, 210.96, 2, 353),
(108, 13, 3, 457.98, 3, 354),
(109, 20, 3, 328.87, 4, 355),
(109, 6, 3, 214.16, 5, 356),
(109, 11, 3, 186.59, 6, 357),
(109, 18, 1, 334.23, 7, 358),
(110, 14, 3, 389.21, 8, 359),
(111, 6, 3, 214.16, 9, 360),
(111, 3, 1, 420.22, 10, 361),
(112, 1, 3, 29.58, 11, 362),
(112, 10, 2, 362.91, 12, 363),
(112, 18, 3, 334.23, 13, 364),
(112, 5, 1, 155.48, 14, 365),
(113, 10, 2, 362.91, 15, 366),
(113, 16, 1, 210.96, 16, 367),
(113, 9, 3, 206.20, 17, 368),
(113, 11, 1, 186.59, 18, 369),
(114, 13, 2, 457.98, 19, 370),
(114, 3, 1, 420.22, 20, 371),
(114, 20, 2, 328.87, 21, 372),
(114, 1, 3, 29.58, 22, 373),
(115, 18, 1, 334.23, 23, 374),
(115, 19, 3, 97.79, 24, 375),
(115, 14, 3, 389.21, 25, 376),
(115, 16, 2, 210.96, 26, 377),
(116, 10, 2, 362.91, 27, 378),
(116, 17, 1, 132.72, 28, 379),
(116, 18, 1, 334.23, 29, 380),
(116, 7, 1, 8.10, 30, 381),
(117, 2, 3, 319.07, 31, 382),
(118, 20, 1, 328.87, 32, 383),
(118, 9, 3, 206.20, 33, 384),
(118, 1, 3, 29.58, 34, 385),
(119, 12, 3, 35.43, 35, 386),
(120, 3, 2, 420.22, 36, 387),
(121, 2, 2, 319.07, 37, 388),
(121, 19, 3, 97.79, 38, 389),
(122, 4, 2, 40.30, 39, 390),
(122, 9, 1, 206.20, 40, 391),
(122, 8, 3, 339.05, 41, 392),
(122, 3, 3, 420.22, 42, 393),
(123, 14, 2, 389.21, 43, 394),
(123, 20, 1, 328.87, 44, 395),
(123, 8, 1, 339.05, 45, 396),
(124, 6, 1, 214.16, 46, 397),
(125, 10, 2, 362.91, 47, 398),
(126, 14, 2, 389.21, 48, 399),
(126, 20, 3, 328.87, 49, 400),
(126, 14, 2, 389.21, 50, 401),
(126, 19, 1, 97.79, 1, 402),
(127, 8, 3, 339.05, 2, 403),
(127, 19, 1, 97.79, 3, 404),
(127, 18, 1, 334.23, 4, 405),
(128, 12, 1, 35.43, 5, 406),
(128, 6, 2, 214.16, 6, 407),
(129, 15, 2, 135.81, 7, 408),
(129, 16, 1, 210.96, 8, 409),
(129, 10, 3, 362.91, 9, 410),
(130, 6, 2, 214.16, 10, 411),
(130, 20, 2, 328.87, 11, 412),
(130, 5, 1, 155.48, 12, 413),
(131, 7, 3, 8.10, 13, 414),
(132, 2, 1, 319.07, 14, 415),
(133, 1, 3, 29.58, 15, 416),
(133, 8, 2, 339.05, 16, 417),
(133, 1, 1, 29.58, 17, 418),
(133, 15, 3, 135.81, 18, 419),
(133, 12, 3, 35.43, 19, 420),
(134, 1, 3, 29.58, 20, 421),
(134, 10, 1, 362.91, 21, 422),
(134, 19, 3, 97.79, 22, 423),
(134, 20, 3, 328.87, 23, 424),
(135, 2, 2, 319.07, 24, 425),
(135, 7, 2, 8.10, 25, 426),
(136, 16, 1, 210.96, 26, 427),
(136, 18, 3, 334.23, 27, 428),
(136, 5, 2, 155.48, 28, 429),
(137, 20, 1, 328.87, 29, 430),
(137, 20, 2, 328.87, 30, 431),
(137, 20, 2, 328.87, 31, 432),
(137, 17, 1, 132.72, 32, 433),
(138, 14, 3, 389.21, 33, 434),
(138, 3, 1, 420.22, 34, 435),
(138, 13, 3, 457.98, 35, 436),
(138, 20, 1, 328.87, 36, 437),
(138, 16, 2, 210.96, 37, 438),
(139, 11, 3, 186.59, 38, 439),
(139, 5, 2, 155.48, 39, 440),
(139, 4, 3, 40.30, 40, 441),
(139, 11, 1, 186.59, 41, 442),
(139, 5, 1, 155.48, 42, 443),
(140, 4, 1, 40.30, 43, 444),
(140, 18, 2, 334.23, 44, 445),
(140, 9, 3, 206.20, 45, 446),
(140, 7, 3, 8.10, 46, 447),
(141, 17, 2, 132.72, 47, 448),
(141, 16, 2, 210.96, 48, 449),
(142, 10, 2, 362.91, 49, 450),
(142, 13, 3, 457.98, 50, 451),
(143, 9, 3, 206.20, 1, 452),
(143, 9, 1, 206.20, 2, 453),
(143, 20, 3, 328.87, 3, 454),
(144, 8, 3, 339.05, 4, 455),
(144, 9, 2, 206.20, 5, 456),
(145, 13, 1, 457.98, 6, 457),
(146, 5, 2, 155.48, 7, 458),
(146, 8, 3, 339.05, 8, 459),
(146, 20, 1, 328.87, 9, 460),
(147, 18, 1, 334.23, 10, 461),
(147, 19, 2, 97.79, 11, 462),
(147, 12, 2, 35.43, 12, 463),
(148, 5, 1, 155.48, 13, 464),
(148, 5, 3, 155.48, 14, 465),
(148, 10, 1, 362.91, 15, 466),
(149, 9, 2, 206.20, 16, 467),
(149, 1, 2, 29.58, 17, 468),
(149, 8, 2, 339.05, 18, 469),
(149, 5, 1, 155.48, 19, 470),
(149, 11, 2, 186.59, 20, 471),
(150, 15, 2, 135.81, 21, 472),
(150, 8, 1, 339.05, 22, 473),
(150, 11, 2, 186.59, 23, 474),
(150, 10, 2, 362.91, 24, 475),
(150, 8, 2, 339.05, 25, 476),
(151, 11, 3, 186.59, 26, 477),
(151, 16, 1, 210.96, 27, 478),
(152, 15, 2, 135.81, 28, 479),
(152, 9, 1, 206.20, 29, 480),
(152, 18, 1, 334.23, 30, 481),
(152, 4, 1, 40.30, 31, 482),
(153, 7, 2, 8.10, 32, 483),
(153, 17, 2, 132.72, 33, 484),
(154, 6, 1, 214.16, 34, 485),
(154, 15, 3, 135.81, 35, 486),
(154, 19, 2, 97.79, 36, 487),
(154, 20, 1, 328.87, 37, 488),
(155, 11, 1, 186.59, 38, 489),
(155, 8, 1, 339.05, 39, 490),
(155, 3, 1, 420.22, 40, 491),
(155, 20, 3, 328.87, 41, 492),
(155, 19, 3, 97.79, 42, 493),
(156, 1, 1, 29.58, 43, 494),
(157, 20, 2, 328.87, 44, 495),
(157, 17, 1, 132.72, 45, 496),
(157, 4, 1, 40.30, 46, 497),
(157, 10, 3, 362.91, 47, 498),
(157, 10, 1, 362.91, 48, 499),
(158, 15, 2, 135.81, 49, 500),
(158, 18, 3, 334.23, 50, 501),
(158, 4, 1, 40.30, 1, 502),
(159, 13, 2, 457.98, 2, 503),
(159, 9, 3, 206.20, 3, 504),
(159, 9, 1, 206.20, 4, 505),
(159, 6, 2, 214.16, 5, 506),
(160, 10, 3, 362.91, 6, 507),
(160, 8, 1, 339.05, 7, 508),
(160, 18, 3, 334.23, 8, 509),
(160, 15, 3, 135.81, 9, 510),
(161, 10, 3, 362.91, 10, 511),
(161, 7, 1, 8.10, 11, 512),
(162, 8, 2, 339.05, 12, 513),
(163, 4, 3, 40.30, 13, 514),
(163, 16, 1, 210.96, 14, 515),
(163, 8, 1, 339.05, 15, 516),
(164, 10, 1, 362.91, 16, 517),
(164, 8, 3, 339.05, 17, 518),
(164, 19, 3, 97.79, 18, 519),
(164, 19, 1, 97.79, 19, 520),
(165, 12, 3, 35.43, 20, 521),
(165, 9, 2, 206.20, 21, 522),
(165, 10, 2, 362.91, 22, 523),
(166, 14, 3, 389.21, 23, 524),
(166, 19, 1, 97.79, 24, 525),
(166, 2, 1, 319.07, 25, 526),
(166, 8, 2, 339.05, 26, 527),
(166, 9, 3, 206.20, 27, 528),
(167, 11, 2, 186.59, 28, 529),
(168, 19, 1, 97.79, 29, 530),
(168, 5, 1, 155.48, 30, 531),
(168, 13, 3, 457.98, 31, 532),
(168, 13, 2, 457.98, 32, 533),
(169, 2, 1, 319.07, 33, 534),
(169, 13, 2, 457.98, 34, 535),
(169, 11, 3, 186.59, 35, 536),
(170, 1, 3, 29.58, 36, 537),
(170, 20, 2, 328.87, 37, 538),
(170, 18, 2, 334.23, 38, 539),
(170, 17, 1, 132.72, 39, 540),
(170, 18, 1, 334.23, 40, 541),
(171, 11, 2, 186.59, 41, 542),
(171, 9, 1, 206.20, 42, 543),
(171, 19, 3, 97.79, 43, 544),
(171, 11, 1, 186.59, 44, 545),
(171, 8, 2, 339.05, 45, 546),
(172, 12, 2, 35.43, 46, 547),
(172, 5, 3, 155.48, 47, 548),
(172, 14, 1, 389.21, 48, 549),
(172, 7, 3, 8.10, 49, 550),
(173, 16, 3, 210.96, 50, 551),
(173, 2, 3, 319.07, 1, 552),
(173, 8, 1, 339.05, 2, 553),
(173, 3, 2, 420.22, 3, 554),
(173, 17, 3, 132.72, 4, 555),
(174, 20, 2, 328.87, 5, 556),
(174, 1, 3, 29.58, 6, 557),
(174, 16, 2, 210.96, 7, 558),
(175, 2, 3, 319.07, 8, 559),
(176, 12, 3, 35.43, 9, 560),
(176, 12, 2, 35.43, 10, 561),
(176, 9, 2, 206.20, 11, 562),
(176, 17, 3, 132.72, 12, 563),
(177, 8, 2, 339.05, 13, 564),
(177, 11, 2, 186.59, 14, 565),
(177, 4, 1, 40.30, 15, 566),
(177, 1, 2, 29.58, 16, 567),
(178, 6, 2, 214.16, 17, 568),
(178, 5, 2, 155.48, 18, 569),
(179, 10, 3, 362.91, 19, 570),
(179, 17, 3, 132.72, 20, 571),
(179, 15, 2, 135.81, 21, 572),
(180, 15, 2, 135.81, 22, 573),
(180, 11, 3, 186.59, 23, 574),
(180, 13, 1, 457.98, 24, 575),
(180, 12, 3, 35.43, 25, 576),
(180, 4, 1, 40.30, 26, 577),
(181, 14, 3, 389.21, 27, 578),
(181, 10, 2, 362.91, 28, 579),
(182, 15, 3, 135.81, 29, 580),
(182, 18, 1, 334.23, 30, 581),
(182, 4, 1, 40.30, 31, 582),
(183, 3, 3, 420.22, 32, 583),
(183, 15, 1, 135.81, 33, 584),
(183, 2, 3, 319.07, 34, 585),
(184, 15, 3, 135.81, 35, 586),
(184, 10, 3, 362.91, 36, 587),
(184, 6, 2, 214.16, 37, 588),
(185, 18, 3, 334.23, 38, 589),
(185, 15, 3, 135.81, 39, 590),
(185, 19, 2, 97.79, 40, 591),
(185, 4, 3, 40.30, 41, 592),
(185, 19, 2, 97.79, 42, 593),
(186, 1, 3, 29.58, 43, 594),
(186, 1, 2, 29.58, 44, 595),
(186, 10, 1, 362.91, 45, 596),
(186, 16, 2, 210.96, 46, 597),
(187, 8, 1, 339.05, 47, 598),
(188, 12, 3, 35.43, 48, 599),
(188, 8, 2, 339.05, 49, 600),
(188, 14, 1, 389.21, 50, 601),
(189, 2, 3, 319.07, 1, 602),
(189, 3, 3, 420.22, 2, 603),
(189, 7, 3, 8.10, 3, 604),
(190, 5, 3, 155.48, 4, 605),
(190, 15, 1, 135.81, 5, 606),
(190, 15, 3, 135.81, 6, 607),
(190, 13, 2, 457.98, 7, 608),
(191, 4, 2, 40.30, 8, 609),
(192, 2, 1, 319.07, 9, 610),
(193, 16, 2, 210.96, 10, 611),
(193, 7, 3, 8.10, 11, 612),
(194, 14, 3, 389.21, 12, 613),
(194, 7, 3, 8.10, 13, 614),
(194, 15, 2, 135.81, 14, 615),
(194, 10, 2, 362.91, 15, 616),
(195, 16, 1, 210.96, 16, 617),
(195, 2, 2, 319.07, 17, 618),
(195, 12, 2, 35.43, 18, 619),
(195, 14, 3, 389.21, 19, 620),
(196, 7, 1, 8.10, 20, 621),
(197, 8, 1, 339.05, 21, 622),
(197, 8, 1, 339.05, 22, 623),
(197, 12, 2, 35.43, 23, 624),
(198, 15, 1, 135.81, 24, 625),
(199, 13, 2, 457.98, 25, 626),
(200, 10, 1, 362.91, 26, 627);

--
-- Déclencheurs `fact_order_items`
--
DELIMITER $$
CREATE TRIGGER `insert_date` BEFORE INSERT ON `fact_order_items` FOR EACH ROW BEGIN
  INSERT INTO dim_date VALUES ();
  SET NEW.id_date = LAST_INSERT_ID();
END
$$
DELIMITER ;

-- --------------------------------------------------------

--
-- Doublure de structure pour la vue `view_avg_order_price`
-- (Voir ci-dessous la vue réelle)
--
CREATE TABLE `view_avg_order_price` (
`average_cart` decimal(10,6)
);

-- --------------------------------------------------------

--
-- Doublure de structure pour la vue `view_best_selling_category`
-- (Voir ci-dessous la vue réelle)
--
CREATE TABLE `view_best_selling_category` (
`category` varchar(12)
,`quantity` decimal(32,0)
);

-- --------------------------------------------------------

--
-- Doublure de structure pour la vue `view_best_selling_product`
-- (Voir ci-dessous la vue réelle)
--
CREATE TABLE `view_best_selling_product` (
`id_product` int(2)
,`name` varchar(10)
,`quantity` decimal(32,0)
);

-- --------------------------------------------------------

--
-- Doublure de structure pour la vue `view_ca`
-- (Voir ci-dessous la vue réelle)
--
CREATE TABLE `view_ca` (
`CA` decimal(28,2)
,`month` int(2)
,`year` int(4)
);

-- --------------------------------------------------------

--
-- Doublure de structure pour la vue `view_masked_email`
-- (Voir ci-dessous la vue réelle)
--
CREATE TABLE `view_masked_email` (
`masked_email` longtext
);

-- --------------------------------------------------------

--
-- Doublure de structure pour la vue `view_monthly_new_customer`
-- (Voir ci-dessous la vue réelle)
--
CREATE TABLE `view_monthly_new_customer` (
`new_customer_count` bigint(21)
,`month` int(2)
,`year` int(4)
);

-- --------------------------------------------------------

--
-- Doublure de structure pour la vue `view_retention_rate`
-- (Voir ci-dessous la vue réelle)
--
CREATE TABLE `view_retention_rate` (
`retention_rate` decimal(24,4)
);

-- --------------------------------------------------------

--
-- Structure de la vue `view_avg_order_price`
--
DROP TABLE IF EXISTS `view_avg_order_price`;

CREATE ALGORITHM=UNDEFINED DEFINER=`root`@`localhost` SQL SECURITY DEFINER VIEW `view_avg_order_price`  AS SELECT avg(`dim_orders`.`total_amount`) AS `average_cart` FROM `dim_orders` ;

-- --------------------------------------------------------

--
-- Structure de la vue `view_best_selling_category`
--
DROP TABLE IF EXISTS `view_best_selling_category`;

CREATE ALGORITHM=UNDEFINED DEFINER=`root`@`localhost` SQL SECURITY DEFINER VIEW `view_best_selling_category`  AS SELECT `dim_products`.`category` AS `category`, sum(`fact_order_items`.`quantity`) AS `quantity` FROM (`fact_order_items` join `dim_products` on(`fact_order_items`.`id_product` = `dim_products`.`id_product`)) GROUP BY `dim_products`.`category` ORDER BY sum(`fact_order_items`.`quantity`) DESC ;

-- --------------------------------------------------------

--
-- Structure de la vue `view_best_selling_product`
--
DROP TABLE IF EXISTS `view_best_selling_product`;

CREATE ALGORITHM=UNDEFINED DEFINER=`root`@`localhost` SQL SECURITY DEFINER VIEW `view_best_selling_product`  AS SELECT `dim_products`.`id_product` AS `id_product`, `dim_products`.`name` AS `name`, sum(`fact_order_items`.`quantity`) AS `quantity` FROM (`fact_order_items` join `dim_products` on(`fact_order_items`.`id_product` = `dim_products`.`id_product`)) GROUP BY `dim_products`.`id_product` ORDER BY sum(`fact_order_items`.`quantity`) DESC ;

-- --------------------------------------------------------

--
-- Structure de la vue `view_ca`
--
DROP TABLE IF EXISTS `view_ca`;

CREATE ALGORITHM=UNDEFINED DEFINER=`root`@`localhost` SQL SECURITY DEFINER VIEW `view_ca`  AS SELECT sum(`dim_orders`.`total_amount`) AS `CA`, month(`dim_orders`.`order_date`) AS `month`, year(`dim_orders`.`order_date`) AS `year` FROM `dim_orders` GROUP BY month(`dim_orders`.`order_date`), year(`dim_orders`.`order_date`) ORDER BY year(`dim_orders`.`order_date`) ASC, month(`dim_orders`.`order_date`) ASC ;

-- --------------------------------------------------------

--
-- Structure de la vue `view_masked_email`
--
DROP TABLE IF EXISTS `view_masked_email`;

CREATE ALGORITHM=UNDEFINED DEFINER=`root`@`localhost` SQL SECURITY DEFINER VIEW `view_masked_email`  AS SELECT concat(rpad(substr(`dim_customers`.`email`,1,3),locate('@',`dim_customers`.`email`) - 2,'*'),'',substr(`dim_customers`.`email`,locate('@',`dim_customers`.`email`))) AS `masked_email` FROM `dim_customers` ;

-- --------------------------------------------------------

--
-- Structure de la vue `view_monthly_new_customer`
--
DROP TABLE IF EXISTS `view_monthly_new_customer`;

CREATE ALGORITHM=UNDEFINED DEFINER=`root`@`localhost` SQL SECURITY DEFINER VIEW `view_monthly_new_customer`  AS SELECT count(`dim_customers`.`id_customer`) AS `new_customer_count`, month(`dim_customers`.`signup_date`) AS `month`, year(`dim_customers`.`signup_date`) AS `year` FROM `dim_customers` GROUP BY month(`dim_customers`.`signup_date`), year(`dim_customers`.`signup_date`) ORDER BY year(`dim_customers`.`signup_date`) ASC, month(`dim_customers`.`signup_date`) ASC ;

-- --------------------------------------------------------

--
-- Structure de la vue `view_retention_rate`
--
DROP TABLE IF EXISTS `view_retention_rate`;

CREATE ALGORITHM=UNDEFINED DEFINER=`root`@`localhost` SQL SECURITY DEFINER VIEW `view_retention_rate`  AS WITH cte AS (SELECT count(0) AS `total_customer` FROM `dim_customers`) SELECT count(distinct `dim_orders`.`id_customer`) / `cte`.`total_customer` AS `retention_rate` FROM ((`dim_orders` join `dim_customers` on(`dim_orders`.`id_customer` = `dim_customers`.`id_customer`)) join `cte`) GROUP BY `cte`.`total_customer``total_customer`  ;

--
-- Index pour les tables déchargées
--

--
-- Index pour la table `dim_customers`
--
ALTER TABLE `dim_customers`
  ADD PRIMARY KEY (`id_customer`);

--
-- Index pour la table `dim_date`
--
ALTER TABLE `dim_date`
  ADD PRIMARY KEY (`id_date`);

--
-- Index pour la table `dim_orders`
--
ALTER TABLE `dim_orders`
  ADD PRIMARY KEY (`id_order`);

--
-- Index pour la table `dim_products`
--
ALTER TABLE `dim_products`
  ADD PRIMARY KEY (`id_product`);

--
-- AUTO_INCREMENT pour les tables déchargées
--

--
-- AUTO_INCREMENT pour la table `dim_date`
--
ALTER TABLE `dim_date`
  MODIFY `id_date` int(11) NOT NULL AUTO_INCREMENT, AUTO_INCREMENT=628;
COMMIT;

/*!40101 SET CHARACTER_SET_CLIENT=@OLD_CHARACTER_SET_CLIENT */;
/*!40101 SET CHARACTER_SET_RESULTS=@OLD_CHARACTER_SET_RESULTS */;
/*!40101 SET COLLATION_CONNECTION=@OLD_COLLATION_CONNECTION */;
